Aspect,polarity
Other,-0.19340277777777776
Checkout,-0.13393518518518518
Staff,-0.04085624268702822
Cleanliness,0.012500000000000004
Product Availability,0.15
Pricing,0.1515151515151515
